#{"t_start": 1573496977.873543, "env_id": "BipedalWalker-v2"}
r,l,t
259.762592,1004,2.293896
262.243672,982,3.13164
260.365482,1002,3.995869
266.46991,934,4.731373
258.611456,1023,5.564182
62.51288,680,6.195879
121.449217,865,6.94076
266.403979,970,7.761259
263.86197,976,8.621847
15.325742,478,9.083962
256.59416,1048,10.083621
