#{"t_start": 1573446438.1694221, "env_id": "BipedalWalker-v2"}
r,l,t
263.537465,1021,4.138855
264.949815,1002,5.54619
260.065124,1057,7.217045
260.954077,1047,8.723463
261.452892,1036,10.343793
261.017694,1048,11.809881
107.308171,1600,14.350162
265.056014,990,15.867219
263.742881,1018,17.321606
