#{"t_start": 1573879936.791532, "env_id": "BipedalWalker-v2"}
r,l,t
-102.516344,298,0.875656
-100.559676,1600,5.263626
138.892187,1600,9.575678
-104.553867,211,10.139027
124.612785,1600,14.464601
155.543458,1600,18.769625
-87.948138,1600,23.215715
