#{"t_start": 1574132423.804578, "env_id": "BipedalWalker-v2"}
r,l,t
298.985127,1194,6.132517
-91.18171,109,6.699012
62.291024,688,10.337588
59.346105,744,14.261369
299.999059,1185,20.493057
79.371101,796,24.679824
-93.023656,96,25.189973
295.083628,1258,31.888179
-36.739398,318,33.576048
-91.250235,133,34.283485
294.002519,1281,41.019702
298.866923,1186,47.463301
