#{"t_start": 1573448492.6129851, "env_id": "BipedalWalker-v2"}
r,l,t
302.841672,781,3.796931
68.599921,499,4.475841
304.835999,777,5.246906
303.697904,798,6.09354
303.247666,798,7.088152
303.463186,793,7.919448
301.820406,809,8.762314
305.930868,771,9.717306
303.806286,794,10.529981
1.802285,337,10.876799
4.792898,378,11.266669
304.505828,789,12.275551
303.515634,792,13.099672
304.855398,782,13.904237
