#{"t_start": 1573455749.8686762, "env_id": "CarRacing-v0"}
r,l,t
-73.856209,1000,21.697393
-69.283276,1000,40.030832
-74.358974,1000,58.897071
-69.69697,1000,76.346019
-70.588235,1000,94.943968
-73.770492,1000,113.229312
-70.873786,1000,131.983984
-67.97153,1000,150.061289
-73.333333,1000,168.73495
-70.198675,1000,188.722279
