#{"t_start": 1573455719.9093251, "env_id": "CarRacing-v0"}
r,l,t
-83.81877,1000,25.246215
-83.277592,1000,45.688638
-82.817869,1000,64.324739
-80.392157,1000,82.001003
-85.875706,1000,102.57144
-82.394366,1000,120.940761
-85.955056,1000,141.732865
-82.698962,1000,160.352092
-84.756098,1000,180.072474
-83.108108,1000,198.753249
