#{"t_start": 1573680811.57455, "env_id": "LunarLanderContinuous-v2"}
r,l,t
-77.182411,144,0.47559
-18.737953,1000,5.174574
-26.654183,1000,10.416154
-82.496984,160,10.932569
-172.562762,356,12.201001
-51.877322,1000,16.36139
-54.172982,1000,22.544028
-67.318325,1000,27.615938
-70.156727,1000,32.526136
-68.123785,1000,37.837125
-34.248055,1000,42.457507
-89.186925,149,42.940991
-33.306767,1000,47.15814
