#{"t_start": 1573488659.903072, "env_id": "LunarLanderContinuous-v2"}
r,l,t
117.030073,1000,2.61807
26.589022,214,2.789738
246.038247,273,3.004313
252.614026,262,3.202999
253.602364,259,3.414127
236.684708,351,3.783853
240.751149,252,3.998288
205.582475,304,4.296475
131.283184,1000,5.725725
149.044804,1000,7.011998
135.826261,1000,8.137623
141.189062,1000,9.710565
222.556587,300,9.98409
215.356514,267,10.22306
277.04642,290,10.471926
241.655817,332,10.840975
153.843401,1000,12.091668
