#{"t_start": 1573473335.113733, "env_id": "LunarLanderContinuous-v2"}
r,l,t
-158.76037,1000,4.003014
-139.729056,194,4.204422
-165.403425,1000,7.473679
-168.882,1000,9.714233
-183.198007,351,10.270799
-192.112901,244,10.520613
-173.370549,1000,12.652405
-186.450465,1000,15.618604
-143.832628,1000,18.268196
-187.506483,1000,21.705168
-182.202646,1000,23.801261
-162.085274,1000,26.079391
-210.48115,184,26.244762
