#{"t_start": 1573956801.662602, "env_id": "LunarLanderContinuous-v2"}
r,l,t
105.670474,1000,5.142816
137.263669,1000,9.575791
277.552192,198,10.385363
288.610334,271,11.530581
116.217609,1000,16.700212
132.826393,1000,21.403468
136.515739,1000,26.277382
184.507722,1000,31.135216
122.733698,1000,35.904435
284.696918,224,36.822744
294.736406,225,37.755503
322.792217,425,39.577917
199.15998,1000,44.21398
