#{"t_start": 1573878679.11097, "env_id": "Pendulum-v0"}
r,l,t
-230.639763,200,0.551216
-6.194746,200,1.102355
-8.111381,200,1.648593
-124.548009,200,2.200657
-5.503379,200,2.747343
-128.906177,200,3.288033
-238.978468,200,3.846175
-119.8761,200,4.3992
-126.361295,200,4.96008
-235.689771,200,5.499912
-234.66566,200,6.026735
-123.769171,200,6.56859
-123.584717,200,7.114073
-5.52659,200,7.657331
-234.136789,200,8.217172
-119.232828,200,8.742149
-127.42378,200,9.295197
-127.87861,200,9.821486
-5.66252,200,10.352517
-233.613753,200,10.910663
-5.515468,200,11.459732
-124.458368,200,12.005466
-231.829079,200,12.535706
-124.630964,200,13.080294
-127.485994,200,13.618387
-128.835472,200,14.18317
-125.925364,200,14.709295
-121.206974,200,15.239326
-5.230791,200,15.783673
-228.557459,200,16.331691
-243.483307,200,16.892726
-122.387714,200,17.440029
-124.294986,200,17.971746
-123.392819,200,18.515862
-122.541808,200,19.069562
-126.759556,200,19.615749
-237.730458,200,20.16115
-124.762394,200,20.715163
-8.59977,200,21.26722
-7.300789,200,21.822017
-127.519712,200,22.369337
-127.445158,200,22.91575
-123.243525,200,23.456218
-123.538888,200,24.007479
-234.327213,200,24.545097
-124.511719,200,25.096255
-122.482295,200,25.655994
-124.750504,200,26.216377
-123.765413,200,26.746758
-5.430102,200,27.306789
