#{"t_start": 1573431700.413177, "env_id": "Pendulum-v0"}
r,l,t
-1059.779114,200,1.772159
-885.265964,200,1.985289
-923.546152,200,2.204241
-957.125085,200,2.412905
-1067.147422,200,2.596316
-960.312797,200,2.77864
-944.212157,200,2.978873
-739.84118,200,3.18413
-1050.411506,200,3.403697
-1077.027931,200,3.592642
-944.543745,200,3.774245
-1197.877358,200,3.962935
-977.455743,200,4.176957
-950.91628,200,4.397328
-967.92715,200,4.617367
-969.261836,200,4.800683
-1379.070888,200,4.986671
-988.364723,200,5.169036
-804.919049,200,5.372585
-1037.279766,200,5.576868
-905.570197,200,5.805605
-1089.564484,200,6.001881
-1067.222256,200,6.202196
-1220.310983,200,6.40204
-1075.376045,200,6.584799
-1162.319915,200,6.766003
-963.711609,200,6.947069
-969.210941,200,7.133654
-739.145762,200,7.314145
-1511.789934,200,7.487907
-744.857806,200,7.67394
-1046.380566,200,7.859377
-1058.171623,200,8.042294
-961.530884,200,8.224259
-956.821719,200,8.406832
-793.615611,200,8.618226
-931.341893,200,8.817848
-1245.800238,200,9.036638
-1409.502392,200,9.266778
-997.121972,200,9.476969
-853.111979,200,9.659795
-737.33074,200,9.844208
-752.577215,200,10.051015
-1384.798369,200,10.26202
-1379.984722,200,10.469607
-873.574397,200,10.648657
-837.869523,200,10.832957
-959.19135,200,11.014768
-971.753336,200,11.200956
-957.498872,200,11.389975
