#{"t_start": 1573982440.049012, "env_id": "Pendulum-v0"}
r,l,t
-235.74377,200,1.075947
-6.212895,200,2.066628
-123.852968,200,3.064374
-322.878687,200,4.053357
-132.351922,200,5.140257
-361.260254,200,6.170897
-6.507108,200,7.189954
-5.082248,200,8.220845
-251.119129,200,9.237338
-237.656695,200,10.312581
-8.825134,200,11.340877
-364.838234,200,12.391345
-358.779712,200,13.441307
-392.795399,200,14.471272
-252.354322,200,15.555161
-5.364079,200,16.577806
-234.137856,200,17.769642
-345.227686,200,18.881271
-122.377466,200,19.932343
-443.953931,200,21.015585
-5.588487,200,22.595448
-4.980896,200,24.406808
-459.390685,200,25.786022
-130.621179,200,26.949668
-127.359166,200,27.91179
-125.633281,200,28.872435
-127.97489,200,29.981427
-123.315925,200,31.120317
-128.116263,200,32.07053
-128.283931,200,33.12134
-383.219045,200,34.238551
-124.386757,200,35.441152
-241.540712,200,36.614319
-248.043526,200,37.592383
-118.748116,200,38.541143
-375.576073,200,39.49133
-129.511864,200,40.450378
-122.528689,200,41.428131
-125.872376,200,42.375826
-127.229214,200,43.363933
-330.737802,200,44.351085
-127.250582,200,45.333106
-236.106831,200,46.354483
-6.011297,200,47.356378
-126.875416,200,48.366316
-245.675103,200,49.370995
-352.236424,200,50.375387
-122.008366,200,51.392288
-128.405531,200,52.362364
-4.410491,200,53.369538
